day,actual_temp,predicted_temp
1,15.0,-1.519132
2,16.5,-3.1379097
3,14.0,-4.756687
4,17.2,-6.3754644
5,18.0,-7.9942417
6,19.3,-9.61302
7,20.1,-11.231797
